submodule	commit	repo
lez-explorer-ui	69b7120baf723d74be65aa8c12c865d94f742966	logos-blockchain/lez-explorer-ui
lez-indexer-module	b27f3ee7a6fad18ddc0e022fbada81d8514e0d54	logos-blockchain/lez-indexer-module
logos-accounts-ui	026565ee83587368ed07f64a6614bde2663f8869	logos-co/logos-accounts-ui
logos-amm-module	145a2acaa65e83650bc7fb35415b3da08baac6ca	logos-blockchain/logos-amm-module
logos-amm-ui-module	41d8c3821c04365e173ae2a772b086cb191a41ad	logos-blockchain/logos-amm-ui-module
logos-blockchain-module	7952ba0cc9c519e1d5198b27de425c872d23b9fc	logos-blockchain/logos-blockchain-module
logos-blockchain-ui	c499bf195d07cc8a00279a367826139820cd19c1	logos-blockchain/logos-blockchain-ui
logos-chat-module	5053dd5062817f34a93055435781c1c448c7ce6c	logos-co/logos-chat-module
logos-chat-ui	15c16ca4ad48efe63993daa0765cac8ca9f7c36d	logos-co/logos-chat-ui
logos-delivery-demo	8625dbabd322f4dcc23feaaeec5108ff276f18ea	logos-co/logos-delivery-demo
logos-delivery-module	bec859430d963d5c0775af85456eff80d9d1c456	logos-co/logos-delivery-module
logos-eth-rpc-ui	d670fdf03597a06450b50668d1284b9f11f33aec	logos-co/logos-eth-rpc-ui
logos-eth-wallet-backend	2866409f045096e7f9eb8bc01841555b42e7a167	logos-co/logos-eth-wallet-backend
logos-eth-wallet-ui	81f86760371fd038fcabbbe49d2728aa062eab59	logos-co/logos-eth-wallet-ui
logos-evm-assets-module	3235e6bfaa63c85f5857591da290bb1631ece183	logos-co/logos-evm-assets-module
logos-evm-eth-rpc-module	42cc465e0cbd748117a0af0cf983404348683335	logos-co/logos-evm-eth-rpc-module
logos-evm-fee-module	5bf49b768cf178d2e8c58267f17822060f813fbf	logos-co/logos-evm-fee-module
logos-evm-keystore-cli	47554a1725fd654f0e4a19a9fa520492e28e2b2d	logos-co/logos-evm-keystore-cli
logos-evm-keystore-module	2318c679e2b7176967bd45052f3d64b2a8b06931	logos-co/logos-evm-keystore-module
logos-evm-keystore-ui	4460518b4b4081b90f9aad3e0bd677580dd37d6e	logos-co/logos-evm-keystore-ui
logos-evm-signer-cli	861c2edafee23fd9322772d79c25a0ff5545e9e6	logos-co/logos-evm-signer-cli
logos-evm-signer-ui	62f89d5e563a48bc8dc0c42b92343cf6d0347b68	logos-co/logos-evm-signer-ui
logos-evm-token-list-module	213e62853fe817bad02db8588b8be6ecd1e72211	logos-co/logos-evm-token-list-module
logos-evm-tx-sender-module	7cd2fead60a78ac9ac8a4337fd9f01e1ab5515e2	logos-co/logos-evm-tx-sender-module
logos-evm-uniswap-module	cc677c301f45a00a1baac0358082df1fb271a650	logos-co/logos-evm-uniswap-module
logos-execution-zone-module	b89e5d24df5babc2490d2e5d47756fb1f33435dd	logos-blockchain/logos-execution-zone-module
logos-execution-zone-wallet-ui	4e49d9cead1732e5c6089690d3eed4b0aff2d0f5	logos-blockchain/logos-execution-zone-wallet-ui
logos-json-rpc-bridge	c8135ecb5cd6ecac8177c4d4262661870772d608	logos-co/logos-json-rpc-bridge
logos-libp2p-module	49f77430fbe6cc8dbb8eee2361670d7396565e5b	logos-co/logos-libp2p-module
logos-monero-node-module	ddaec9337b4d1c4d1ccc4cea6fdd4163b2dd6e0f	logos-co/logos-monero-node-module
logos-monero-wallet-backend	769098441db339f7541ba8804722ae3f20614309	logos-co/logos-monero-wallet-backend
logos-monero-wallet-cli	9f5958f7172a2f12c7fa16996da1ea3fdf1a7905	logos-co/logos-monero-wallet-cli
logos-monero-wallet-core-module	7fc923dcce9ac5d40db8dd30f658eb63849e7212	logos-co/logos-monero-wallet-core-module
logos-monero-wallet-ui	345fc5deb3ac61844dc27bb396bd77087e89c05c	logos-co/logos-monero-wallet-ui
logos-monerod-module	9ed580d1423f3415f5934a18faddf022b616cb86	logos-co/logos-monerod-module
logos-monerod-ui	10aaf706751d4133bebe7fae42db21611f0704d9	logos-co/logos-monerod-ui
logos-rln-modules	eb02da8f0cbbfc892365f32a713087f7cdb9aaa0	logos-co/logos-rln-modules
logos-storage-module	a9c14b8c977da51310361b03fe4d9efd763ae926	logos-co/logos-storage-module
logos-storage-ui	63e9cb1755e48bd36bc0e29192e8c861ebf02fb6	logos-co/logos-storage-ui
logos-token-list-ui	7fc7ba66f3ab609e3d6d5b2ebf237593d493700b	logos-co/logos-token-list-ui
logos-uniswap-backend	b561baac2d32e7f9aa234c8529deb66eb344ec00	logos-co/logos-uniswap-backend
logos-uniswap-ui	69caca706845475f19c78202e3f5426ef11a7d5c	logos-co/logos-uniswap-ui
logos-verified-proxy-module	f0cf1f45def716515bca735ff04deab565c4a962	logos-co/logos-verified-proxy-module
logos-verified-proxy-ui	28d4cdd7cbbe7f6819739c687105c725ca492da1	logos-co/logos-verified-proxy-ui
openmetrics-module	5dbca2441ce478a6373df924cc4abd79640e74db	logos-co/openmetrics-module
